Sample Number,ClassName,Snippet Number,Method,Exist,Description
0,AbstractLayoutCache,1,"void setExpandedState(TreePath path, boolean isExpanded)",True
0,AbstractLayoutCache,2,boolean isExpanded(TreePath path),True
0,AbstractLayoutCache,3,void setRowHeight(int rowHeight),True
0,AbstractLayoutCache,4,void setRootVisible(boolean rootVisible),True
0,AbstractLayoutCache,5,void setShowsRootHandles(boolean newValue),False
1,AbstractLayoutCache.NodeDimensions,1,"int getWidth(Object value, int row, boolean expanded, int offset)",False
1,AbstractLayoutCache.NodeDimensions,2,int getHeight(),False
1,AbstractLayoutCache.NodeDimensions,3,int getPreferredWidth(Object value),False
1,AbstractLayoutCache.NodeDimensions,4,int getPreferredHeight(),False
1,AbstractLayoutCache.NodeDimensions,5,"Rectangle getNodeDimensions(Object value, int row, int depth, boolean expanded, Rectangle size)",True
2,DefaultMutableTreeNode,1,void setUserObject(Object userObject),True
2,DefaultMutableTreeNode,2,Object getUserObject(),True
2,DefaultMutableTreeNode,3,void add(DefaultMutableTreeNode newChild),False
2,DefaultMutableTreeNode,4,void remove(DefaultMutableTreeNode aChild),False
2,DefaultMutableTreeNode,5,int getChildCount(),True
3,DefaultTreeCellEditor,1,void setCellEditorListener(TreeCellEditor.CellEditorListener l),False
3,DefaultTreeCellEditor,2,void setClickCountToStart(int count),False
3,DefaultTreeCellEditor,3,void setTree(JTree tree),True
3,DefaultTreeCellEditor,4,void setEditable(boolean editable),False
3,DefaultTreeCellEditor,5,void setBorderSelectionColor(Color newColor),True
4,DefaultTreeCellRenderer,1,"Component getTreeCellRendererComponent(JTree tree, Object value, boolean selected, boolean expanded, boolean leaf, int row, boolean hasFocus)",True
4,DefaultTreeCellRenderer,2,Icon getClosedIcon(),True
4,DefaultTreeCellRenderer,3,Icon getLeafIcon(),True
4,DefaultTreeCellRenderer,4,Icon getOpenIcon(),True
4,DefaultTreeCellRenderer,5,void setClosedIcon(Icon newIcon),True
6,DefaultTreeSelectionModel,1,void setSelectionMode(int mode),True
6,DefaultTreeSelectionModel,2,void setRowMapper(RowMapper newMapper),True
6,DefaultTreeSelectionModel,3,void setSelectionPath(TreePath path),True
6,DefaultTreeSelectionModel,4,void setSelectionPaths(TreePath[] paths),True
6,DefaultTreeSelectionModel,5,void setSelectionRows(int[] rows),False
7,FixedHeightLayoutCache,1,"void setNodeDimensions(int width, int height, int depth, int lastRow)",False
7,FixedHeightLayoutCache,2,"void setExpandedState(TreePath path, boolean isExpanded)",True
7,FixedHeightLayoutCache,3,void setRowHeight(int rowHeight),True
7,FixedHeightLayoutCache,4,void setRootVisible(boolean rootVisible),True
7,FixedHeightLayoutCache,5,"void setExpandedState(TreePath path, boolean isExpanded, boolean fireEvents)",False
8,TreePath,1,Object getLastPathComponent(),True
8,TreePath,2,int getPathCount(),True
8,TreePath,3,Object[] getPath(),True
8,TreePath,4,TreePath pathByAddingChild(Object child),True
8,TreePath,5,"TreePath pathByAddingChild(Object child, boolean last)",False
9,VariableHeightLayoutCache,1,"void setExpandedState(TreePath path, boolean isExpanded)",True
9,VariableHeightLayoutCache,2,boolean getExpandedState(TreePath path),True
9,VariableHeightLayoutCache,3,"void setRowHeight(int row, int height)",False
9,VariableHeightLayoutCache,4,int getRowHeight(int row),False
9,VariableHeightLayoutCache,5,void setPreferredWidth(int preferredWidth),False
